{"cameraMode":{"drawMode":0,"name":"Shaded","section":"Shading Mode"},"sceneLighting":false,"audioPlay":false,"sceneViewState":{"m_AlwaysRefresh":false,"showFog":true,"showSkybox":false,"showFlares":true,"showImageEffects":true,"showParticleSystems":true,"showVisualEffectGraphs":true,"m_FxEnabled":true},"in2DMode":false,"pivot":{"x":0.5659438371658325,"y":1.3853250741958619,"z":-0.6847972869873047},"rotation":{"x":0.06289201974868775,"y":0.8231330513954163,"z":-0.09299711883068085,"w":0.5566490292549133},"size":2.203530788421631,"orthographic":false}