{"cameraMode":{"drawMode":0,"name":"Shaded","section":"Shading Mode"},"sceneLighting":false,"audioPlay":false,"sceneViewState":{"m_AlwaysRefresh":false,"showFog":true,"showSkybox":true,"showFlares":true,"showImageEffects":true,"showParticleSystems":true,"showVisualEffectGraphs":true,"m_FxEnabled":true},"in2DMode":false,"pivot":{"x":-23.227596282958986,"y":-12.639799118041993,"z":9.131135940551758},"rotation":{"x":0.16945092380046845,"y":-0.5772112011909485,"z":0.12392362207174301,"w":0.7891680002212524},"size":18.615982055664064,"orthographic":false}