{"cameraMode":{"drawMode":0,"name":"Shaded","section":"Shading Mode"},"sceneLighting":false,"audioPlay":false,"sceneViewState":{"m_AlwaysRefresh":false,"showFog":true,"showSkybox":true,"showFlares":true,"showImageEffects":true,"showParticleSystems":true,"showVisualEffectGraphs":true,"m_FxEnabled":true},"in2DMode":false,"pivot":{"x":1044.024658203125,"y":662.9236450195313,"z":-21.666240692138673},"rotation":{"x":-0.019498011097311975,"y":-0.010502648539841175,"z":0.00021626327361445874,"w":-0.9997943043708801},"size":905.728515625,"orthographic":false}